Code;Candidat;Score;Marge
H1;Nathalie Arthaud;1;0.6
H1;Jean-Luc Mélenchon;13;2
H1;Fabien Roussel;3;1
H1;Marine Tondelier;4;1.2
H1;Raphaël Glucksmann;11;1.9
H1;Gabriel Attal;8.5;1.7
H1;Édouard Philippe;13;2
H1;Bruno Retailleau;7.5;1.6
H1;Nicolas Dupont-Aignan;1.5;0.7
H1;Jordan Bardella;33.5;2.8
H1;Éric Zemmour;4;1.2
H2;Nathalie Arthaud;1;0.6
H2;Jean-Luc Mélenchon;13;2
H2;Fabien Roussel;3;1
H2;Marine Tondelier;4;1.2
H2;Raphaël Glucksmann;11;1.9
H2;Gabriel Attal;8.5;1.7
H2;Édouard Philippe;14;2.1
H2;Bruno Retailleau;8.5;1.7
H2;Nicolas Dupont-Aignan;1.5;0.7
H2;Marine Le Pen;31;2.8
H2;Éric Zemmour;4.5;1.2
H3;Nathalie Arthaud;1;0.6
H3;Jean-Luc Mélenchon;13.5;2.1
H3;Fabien Roussel;4;1.2
H3;Marine Tondelier;4;1.2
H3;François Hollande;7;1.5
H3;Gabriel Attal;9.5;1.8
H3;Édouard Philippe;13.5;2.1
H3;Bruno Retailleau;8;1.6
H3;Nicolas Dupont-Aignan;1.5;0.7
H3;Jordan Bardella;34;2.9
H3;Éric Zemmour;4;1.2
H4;Nathalie Arthaud;1;0.6
H4;Jean-Luc Mélenchon;13.5;2.1
H4;Fabien Roussel;4;1.2
H4;Marine Tondelier;4;1.2
H4;François Hollande;7;1.5
H4;Gabriel Attal;9.5;1.8
H4;Édouard Philippe;14.5;2.1
H4;Bruno Retailleau;8.5;1.7
H4;Nicolas Dupont-Aignan;1.5;0.7
H4;Marine Le Pen;32;2.8
H4;Éric Zemmour;4.5;1.2
H5;Nathalie Arthaud;1;0.6
H5;Jean-Luc Mélenchon;13;2
H5;Fabien Roussel;3;1
H5;Marine Tondelier;4;1.2
H5;Raphaël Glucksmann;14;2.1
H5;Gabriel Attal;14.5;2.1
H5;Bruno Retailleau;10;1.8
H5;Nicolas Dupont-Aignan;1.5;0.7
H5;Jordan Bardella;35;2.9
H5;Éric Zemmour;4;1.2
H6;Nathalie Arthaud;1;0.6
H6;Jean-Luc Mélenchon;13;2
H6;Fabien Roussel;3;1
H6;Marine Tondelier;4;1.2
H6;Raphaël Glucksmann;13;2
H6;Édouard Philippe;17.5;2.3
H6;Bruno Retailleau;9;1.7
H6;Nicolas Dupont-Aignan;1.5;0.7
H6;Jordan Bardella;34;2.9
H6;Éric Zemmour;4;1.2
H7;Nathalie Arthaud;1;0.6
H7;Jean-Luc Mélenchon;13.5;2.1
H7;Fabien Roussel;3.5;1.1
H7;Marine Tondelier;5;1.3
H7;François Hollande;8;1.7
H7;Gabriel Attal;17.5;2.3
H7;Bruno Retailleau;10;1.8
H7;Nicolas Dupont-Aignan;1.5;0.7
H7;Jordan Bardella;36;2.9
H7;Éric Zemmour;4;1.2
H8;Nathalie Arthaud;1;0.6
H8;Jean-Luc Mélenchon;13.5;2.1
H8;Fabien Roussel;4;1.2
H8;Marine Tondelier;5;1.3
H8;François Hollande;7.5;1.6
H8;Édouard Philippe;19;2.4
H8;Bruno Retailleau;9;1.7
H8;Nicolas Dupont-Aignan;1.5;0.7
H8;Jordan Bardella;35.5;2.9
H8;Éric Zemmour;4;1.2
